{
    "loss": 1.8052756786346436,
    "accuracy": 0.6258992552757263
}