{
    "loss": 1.9084349870681763,
    "accuracy": 0.5611510872840881
}