{
    "loss": 1.2455447912216187,
    "accuracy": 0.8705036044120789
}